,precision,recall,f1-score,support
BENIGN,0.2809834104573929,1.0,0.438699530631804,8926.0
MALICIOUS,1.0,0.9182662029085079,0.9573918380214561,279456.0
accuracy,0.9207960274913136,0.9207960274913136,0.9207960274913136,0.9207960274913136
macro avg,0.6404917052286965,0.9591331014542539,0.6980456843266301,288382.0
weighted avg,0.9777449976827356,0.9207960274913136,0.9413372731187921,288382.0
