{
  "validation": {
    "accuracy": 0.9207960274913136,
    "f1": 0.9573918380214561
  },
  "holdout": {
    "accuracy": 0.9742124098446046,
    "precision": 0.9999941831285686,
    "recall": 0.9736014545477704,
    "f1": 0.986621344967676
  },
  "evaluated_test_rows": 45018243,
  "dropped_test_rows": 0
}