label,precision,recall,f1,support
BENIGN,0.8332034726591663,0.7293051641138272,0.7777999827545103,1051313
BRUTEFORCE,0.07593209967044245,0.9512857371026993,0.14063837448863337,12522
DDOS,0.8271904616315355,0.939502417913469,0.8797764996686164,32535697
DOS,0.5781076790430962,0.1744999573992363,0.2680806318736348,7746340
MIRAI,0.7174762164893311,0.9990248065575513,0.835160047985967,2521551
RECON,0.7091195678101047,0.6655281739140957,0.6866327084776869,661108
SPOOFING,0.6386868835566024,0.23280047390720177,0.34122493664853026,465914
WEB,0.0572389799175575,0.8378855365997142,0.10715763565329077,23798
