label,precision,recall,f1,support
BENIGN,0.8498749486933918,0.738568818230156,0.7903221373905946,1051313
BRUTEFORCE,0.06804659800776633,0.8046637917265612,0.12548179604849405,12522
DDOS,0.8738963586159181,0.6216073071986132,0.7264714552926858,32535697
DOS,0.3806241173110383,0.4124522032340434,0.39589949093689236,7746340
MIRAI,0.9958377180207365,0.9911498914755243,0.9934882748400392,2521551
RECON,0.022953799571322396,0.31313794417856083,0.042772283119216756,661108
SPOOFING,0.6845344074409192,0.3020235494104062,0.41912491809138025,465914
WEB,0.028717061450280898,0.8271703504496176,0.05550707126532719,23798
