label,precision,recall,f1,support
BENIGN,0.5898155232508714,0.7772798565987005,0.6706945719947799,8926.0
BRUTEFORCE,0.0,0.0,0.0,0.0
DDOS,0.8117599263311847,0.9933120343611634,0.8934058269096632,150868.0
DOS,0.6385057471264368,0.06008003460956089,0.10982601818900752,36984.0
MIRAI,0.9802874092846446,0.9961371318203767,0.9881487179859352,68343.0
RECON,0.6557894736842105,0.7027997128499641,0.6784812633037969,9751.0
SPOOFING,0.7756836659275683,0.25910381434390817,0.38845192930508005,8101.0
WEB,0.5426544707858876,0.5374376039933444,0.5400334386030095,5409.0
