label,precision,recall,f1,support
BENIGN,0.7876471898784082,0.729721785995227,0.7575788397825519,1051313
BRUTEFORCE,0.15681498004226344,0.426689027311931,0.22934283384126714,12522
DDOS,0.8236456744282801,0.957983165382933,0.885749795593086,32535697
DOS,0.7263789563799652,0.13757309903773912,0.23133275389147887,7746340
MIRAI,0.7031242796845406,0.9980345430253047,0.825016817709146,2521551
RECON,0.6212907456459666,0.7280262831488955,0.6704369435127093,661108
SPOOFING,0.7300729209558091,0.23594483102031705,0.35663305692892644,465914
WEB,0.05403739679208667,0.445793764181864,0.0963906871095968,23798
