label,precision,recall,f1,support
BENIGN,0.5314805875456865,0.8634326686085593,0.6579587655269561,8926.0
BRUTEFORCE,0.0,0.0,0.0,0.0
DDOS,0.8117477547748275,0.9933186626720046,0.8934011362755677,150868.0
DOS,0.637955785242607,0.06008003460956089,0.10981787629426447,36984.0
MIRAI,0.9764353226338511,0.9961517638968146,0.9861950081844915,68343.0
RECON,0.7706966959534711,0.6387037226951082,0.6985195154777928,9751.0
SPOOFING,0.7901155327342747,0.3039130971485002,0.43897655344566283,8101.0
WEB,0.6222222222222222,0.4089480495470512,0.49352967425256583,5409.0
