{
  "test_accuracy": 0.603891959977203,
  "test_macro_f1": 0.45990414451781214,
  "test_weighted_f1": 0.6728621396135707,
  "evaluated_test_rows": 45018243,
  "dropped_unlabeled_or_invalid_rows": 0
}