label,precision,recall,f1,support
BENIGN,0.7540802002771693,0.8022358707635119,0.7774130169977089,1051313
BRUTEFORCE,0.07899242192995262,0.4753234307618591,0.1354713159062717,12522
DDOS,0.8236451430077792,0.9580066472834438,0.8857595252944441,32535697
DOS,0.7259864125381223,0.13757813367345095,0.2313199543622958,7746340
MIRAI,0.6989224287567105,0.9980377156757885,0.8221182406899695,2521551
RECON,0.7028098556971872,0.6668607852272246,0.684363551692021,661108
SPOOFING,0.747190574909041,0.2684336594307104,0.39497107991984803,465914
WEB,0.07440688320944915,0.3684763425497941,0.12381221320155313,23798
