label,precision,recall,f1,support
BENIGN,0.8037096062278574,0.7828629532784243,0.7931493232248716,1051313
BRUTEFORCE,0.13040529967137865,0.5989458552946814,0.21417862497322765,12522
DDOS,0.8736675471659723,0.6229113210637535,0.7272819595794896,32535697
DOS,0.3799561149761081,0.4139021783190513,0.39620336521642524,7746340
MIRAI,0.9954110234262552,0.9906505956056412,0.9930251043372121,2521551
RECON,0.026476253998036017,0.359785390586712,0.04932288524892031,661108
SPOOFING,0.6800654854455133,0.3370171319170491,0.45068849965198304,465914
WEB,0.03010444647529996,0.7294730649634423,0.05782262510054841,23798
