label,precision,recall,f1,support
BENIGN,0.8043910343123418,0.783385157417439,0.7937491446492146,1051313
BRUTEFORCE,0.13149441340782123,0.6015013576106053,0.2158104352310822,12522
DDOS,0.8731162714813681,0.6224069827057954,0.7267471937498101,32535697
DOS,0.38009661741509104,0.41251248976936206,0.39564168663109545,7746340
MIRAI,0.993211313814187,0.9904832382926223,0.9918454001607568,2521551
RECON,0.02642111177136,0.3602210228888472,0.049231260925579536,661108
SPOOFING,0.6787064057790748,0.3349480805470538,0.44853825625460775,465914
WEB,0.030020385598783776,0.7301874107067821,0.05766977854035093,23798
