label,precision,recall,f1,support
BENIGN,0.7089713781768621,0.8843,0.7869888310416945,10000.0
BRUTEFORCE,0.7996300863131935,0.4963643321852277,0.6125147579693034,2613.0
DDOS,0.9993,0.9993,0.9993,10000.0
DOS,0.9993997599039616,0.999,0.9991998399679936,10000.0
MIRAI,0.9996000799840032,0.9998,0.9997000299970003,10000.0
RECON,0.826619462252416,0.8639,0.8448486626570828,10000.0
SPOOFING,0.8942163964585489,0.7777,0.8318981654810932,10000.0
WEB,0.7219917012448133,0.6306886830447039,0.6732588134135855,4966.0
